resident_id,community_id,age,gender,residence_type,move_in_date
R00001,C001,73,Female,2BHK,2026-06-10
R00002,C001,69,Male,1BHK,2024-03-11
R00003,C001,81,Male,3BHK,2023-10-29
R00004,C001,75,Female,1BHK,2024-11-21
R00005,C001,66,Male,2BHK,2024-10-05
R00006,C001,66,Male,2BHK,2024-09-01
R00007,C001,62,Male,2BHK,2024-04-24
R00008,C001,72,Male,2BHK,2024-02-27
R00009,C001,70,Female,1BHK,2026-08-07
R00010,C001,60,Female,1BHK,2026-01-15
R00011,C001,65,Female,2BHK,2024-02-03
R00012,C001,67,Male,2BHK,2026-03-26
R00013,C001,75,Male,2BHK,2025-07-07
R00014,C001,61,Female,1BHK,2023-11-09
R00015,C001,75,Male,1BHK,2023-11-06
R00016,C001,71,Male,2BHK,2024-02-13
R00017,C001,59,Female,2BHK,2024-08-25
R00018,C001,64,Male,2BHK,2024-09-16
R00019,C001,72,Male,3BHK,2025-11-14
R00020,C001,67,Female,1BHK,2026-04-13
R00021,C001,77,Female,1BHK,2023-11-01
R00022,C001,76,Male,1BHK,2026-02-08
R00023,C001,72,Male,1BHK,2024-07-25
R00024,C001,76,Male,2BHK,2026-06-26
R00025,C001,75,Female,2BHK,2026-09-14
R00026,C001,79,Male,2BHK,2026-01-14
R00027,C001,72,Female,2BHK,2025-07-03
R00028,C001,80,Female,2BHK,2024-08-28
R00029,C001,70,Male,2BHK,2025-08-18
R00030,C001,67,Female,1BHK,2026-03-24
R00031,C001,80,Male,1BHK,2024-11-26
R00032,C001,66,Male,1BHK,2023-10-01
R00033,C001,76,Female,1BHK,2024-05-26
R00034,C001,72,Female,2BHK,2026-09-09
R00035,C001,65,Male,2BHK,2025-07-08
R00036,C001,67,Female,3BHK,2025-03-02
R00037,C001,70,Male,1BHK,2024-11-25
R00038,C001,68,Male,2BHK,2024-05-19
R00039,C001,68,Female,2BHK,2024-08-20
R00040,C001,72,Male,3BHK,2025-02-24
R00041,C001,56,Male,1BHK,2024-02-26
R00042,C001,69,Female,2BHK,2024-02-12
R00043,C001,68,Male,2BHK,2025-05-03
R00044,C001,72,Female,1BHK,2024-02-18
R00045,C001,77,Male,2BHK,2025-03-31
R00046,C001,75,Male,2BHK,2025-03-08
R00047,C001,74,Male,3BHK,2026-04-15
R00048,C001,85,Male,1BHK,2024-11-04
R00049,C001,70,Female,1BHK,2023-11-27
R00050,C001,66,Female,1BHK,2025-09-03
R00051,C001,62,Female,2BHK,2026-01-01
R00052,C001,73,Female,1BHK,2024-04-01
R00053,C001,64,Female,3BHK,2025-05-01
R00054,C001,67,Male,2BHK,2024-01-21
R00055,C001,71,Female,1BHK,2026-01-25
R00056,C001,79,Male,3BHK,2024-12-19
R00057,C001,71,Male,2BHK,2026-05-24
R00058,C001,75,Female,3BHK,2026-05-08
R00059,C001,71,Female,1BHK,2025-04-04
R00060,C001,72,Male,3BHK,2026-03-05
R00061,C001,72,Male,1BHK,2024-07-15
R00062,C001,64,Female,2BHK,2026-09-19
R00063,C001,61,Female,1BHK,2024-01-07
R00064,C001,74,Male,2BHK,2023-12-01
R00065,C001,76,Female,2BHK,2026-07-14
R00066,C001,72,Male,2BHK,2024-09-09
R00067,C001,63,Female,2BHK,2024-12-13
R00068,C001,64,Female,2BHK,2024-01-22
R00069,C001,70,Female,2BHK,2024-09-16
R00070,C001,80,Male,2BHK,2024-02-24
R00071,C001,62,Female,3BHK,2025-05-03
R00072,C001,73,Female,2BHK,2024-11-25
R00073,C001,73,Female,3BHK,2025-08-25
R00074,C001,69,Male,2BHK,2026-06-04
R00075,C001,66,Male,2BHK,2025-04-09
R00076,C001,75,Female,2BHK,2024-05-30
R00077,C001,63,Female,3BHK,2025-04-18
R00078,C001,71,Male,2BHK,2025-03-25
R00079,C001,72,Female,2BHK,2024-08-11
R00080,C001,73,Male,2BHK,2026-07-28
R00081,C001,73,Female,3BHK,2024-11-08
R00082,C001,73,Female,2BHK,2026-09-15
R00083,C001,73,Female,2BHK,2026-08-17
R00084,C001,77,Female,2BHK,2026-06-23
R00085,C001,64,Female,1BHK,2024-01-09
R00086,C001,68,Male,2BHK,2026-04-24
R00087,C001,74,Male,1BHK,2026-06-03
R00088,C001,58,Female,2BHK,2024-06-12
R00089,C001,70,Female,1BHK,2025-12-28
R00090,C001,62,Female,1BHK,2024-10-05
R00091,C001,70,Female,2BHK,2024-05-31
R00092,C001,65,Female,3BHK,2025-09-08
R00093,C001,55,Female,2BHK,2025-05-02
R00094,C001,71,Male,1BHK,2024-11-13
R00095,C001,73,Male,1BHK,2026-06-11
R00096,C001,76,Male,2BHK,2026-08-25
R00097,C001,82,Female,2BHK,2026-02-02
R00098,C001,72,Female,2BHK,2024-08-27
R00099,C001,84,Male,1BHK,2026-08-19
R00100,C001,77,Male,2BHK,2025-02-05
R00101,C001,73,Male,1BHK,2023-12-16
R00102,C001,75,Female,2BHK,2024-09-10
R00103,C001,68,Male,2BHK,2023-11-09
R00104,C001,61,Female,1BHK,2025-01-23
R00105,C001,80,Female,3BHK,2025-06-05
R00106,C001,59,Female,1BHK,2024-11-09
R00107,C001,71,Male,2BHK,2024-01-01
R00108,C001,65,Female,2BHK,2024-08-13
R00109,C001,81,Male,2BHK,2026-02-18
R00110,C001,61,Female,2BHK,2025-01-21
R00111,C001,71,Male,2BHK,2024-08-16
R00112,C001,65,Female,1BHK,2026-07-05
R00113,C001,65,Male,2BHK,2025-11-04
R00114,C001,75,Female,3BHK,2025-05-27
R00115,C001,75,Male,1BHK,2026-06-15
R00116,C001,74,Female,3BHK,2025-09-02
R00117,C001,69,Male,2BHK,2024-04-29
R00118,C001,70,Male,3BHK,2024-11-05
R00119,C001,68,Female,2BHK,2024-04-24
R00120,C001,77,Male,3BHK,2024-10-08
R00121,C001,79,Male,3BHK,2026-02-09
R00122,C001,70,Male,1BHK,2026-01-05
R00123,C001,72,Female,2BHK,2024-11-02
R00124,C001,69,Female,2BHK,2026-03-17
R00125,C001,62,Female,2BHK,2025-07-17
R00126,C001,61,Female,2BHK,2026-03-15
R00127,C001,69,Male,2BHK,2025-06-02
R00128,C001,63,Male,3BHK,2025-04-05
R00129,C001,64,Male,2BHK,2024-08-26
R00130,C001,67,Female,1BHK,2024-04-22
R00131,C001,71,Male,3BHK,2025-11-20
R00132,C001,66,Female,1BHK,2025-10-26
R00133,C001,59,Female,3BHK,2024-02-09
R00134,C001,60,Female,2BHK,2023-12-03
R00135,C001,64,Female,2BHK,2024-03-09
R00136,C001,68,Male,3BHK,2024-05-15
R00137,C001,69,Male,2BHK,2026-05-22
R00138,C001,62,Male,1BHK,2024-05-26
R00139,C001,72,Female,2BHK,2026-08-13
R00140,C001,64,Female,2BHK,2025-07-07
R00141,C001,74,Male,3BHK,2026-04-04
R00142,C001,67,Male,3BHK,2023-12-28
R00143,C001,71,Male,2BHK,2025-05-10
R00144,C001,70,Female,2BHK,2025-05-05
R00145,C001,80,Male,2BHK,2026-04-03
R00146,C001,76,Female,3BHK,2025-09-17
R00147,C001,85,Male,1BHK,2025-12-20
R00148,C001,64,Male,2BHK,2024-10-15
R00149,C001,64,Female,3BHK,2026-01-27
R00150,C001,71,Female,2BHK,2023-10-08
R00151,C001,76,Female,1BHK,2026-08-12
R00152,C001,65,Female,3BHK,2024-03-16
R00153,C001,60,Female,3BHK,2026-08-15
R00154,C001,82,Male,1BHK,2026-01-02
R00155,C001,78,Female,1BHK,2024-11-08
R00156,C001,66,Female,2BHK,2026-06-12
R00157,C001,69,Male,2BHK,2025-03-02
R00158,C001,78,Male,3BHK,2024-03-12
R00159,C001,70,Female,3BHK,2024-12-19
R00160,C001,70,Female,1BHK,2025-07-27
R00161,C001,62,Female,2BHK,2024-05-23
R00162,C001,69,Male,2BHK,2025-08-25
R00163,C001,59,Male,2BHK,2023-09-26
R00164,C001,78,Female,2BHK,2024-11-03
R00165,C001,78,Female,2BHK,2025-11-06
R00166,C001,70,Female,2BHK,2024-06-24
R00167,C001,74,Female,1BHK,2025-11-17
R00168,C001,79,Male,1BHK,2024-03-04
R00169,C001,77,Male,2BHK,2026-05-19
R00170,C001,57,Female,2BHK,2024-12-27
R00171,C001,80,Male,2BHK,2026-06-09
R00172,C001,70,Female,3BHK,2025-11-17
R00173,C001,58,Male,3BHK,2026-04-24
R00174,C001,69,Female,2BHK,2024-07-25
R00175,C001,60,Male,1BHK,2024-05-15
R00176,C001,74,Male,1BHK,2025-04-23
R00177,C001,72,Male,2BHK,2024-05-28
R00178,C001,63,Female,2BHK,2026-01-05
R00179,C001,63,Male,1BHK,2025-12-22
R00180,C001,73,Male,2BHK,2023-09-21
R00181,C001,69,Male,2BHK,2026-04-08
R00182,C001,62,Female,2BHK,2025-02-05
R00183,C001,65,Female,3BHK,2025-10-19
R00184,C001,71,Male,2BHK,2023-10-21
R00185,C001,74,Male,1BHK,2024-03-12
R00186,C001,75,Male,2BHK,2025-04-06
R00187,C001,59,Male,2BHK,2025-01-10
R00188,C001,79,Male,2BHK,2024-09-26
R00189,C001,74,Female,2BHK,2023-12-19
R00190,C001,72,Male,2BHK,2024-09-29
R00191,C001,58,Male,2BHK,2026-02-18
R00192,C001,71,Male,2BHK,2024-01-21
R00193,C001,65,Male,3BHK,2024-02-01
R00194,C001,62,Female,2BHK,2025-10-14
R00195,C001,69,Male,2BHK,2024-01-06
R00196,C001,80,Female,2BHK,2025-12-26
R00197,C001,62,Male,2BHK,2024-04-03
R00198,C001,68,Female,2BHK,2024-04-07
R00199,C001,60,Male,1BHK,2026-07-11
R00200,C001,73,Male,1BHK,2025-09-28
R00201,C001,65,Male,3BHK,2026-01-22
R00202,C001,63,Male,2BHK,2024-06-03
R00203,C001,71,Male,2BHK,2024-11-05
R00204,C001,69,Female,3BHK,2025-12-18
R00205,C001,65,Male,2BHK,2026-04-20
R00206,C001,75,Female,2BHK,2025-07-09
R00207,C001,58,Female,1BHK,2024-08-15
R00208,C001,73,Male,2BHK,2026-01-05
R00209,C001,58,Male,2BHK,2026-08-27
R00210,C001,70,Male,2BHK,2024-07-29
R00211,C001,69,Female,1BHK,2025-01-17
R00212,C001,61,Male,1BHK,2025-06-01
R00213,C001,77,Male,2BHK,2026-07-30
R00214,C001,65,Female,2BHK,2026-06-26
R00215,C001,55,Male,3BHK,2025-04-23
R00216,C001,64,Female,3BHK,2025-08-01
R00217,C001,72,Female,1BHK,2025-12-03
R00218,C001,65,Male,2BHK,2025-08-22
R00219,C001,78,Male,2BHK,2024-03-26
R00220,C001,71,Male,1BHK,2024-10-10
R00221,C001,72,Female,2BHK,2024-09-04
R00222,C001,67,Male,3BHK,2023-12-29
R00223,C001,78,Male,2BHK,2025-02-27
R00224,C001,67,Male,2BHK,2023-10-23
R00225,C001,70,Male,3BHK,2026-03-22
R00226,C001,81,Male,2BHK,2026-01-28
R00227,C001,71,Male,3BHK,2024-09-12
R00228,C001,75,Female,2BHK,2026-03-23
R00229,C001,72,Female,2BHK,2024-08-28
R00230,C001,67,Female,2BHK,2023-10-02
R00231,C001,66,Male,2BHK,2024-01-09
R00232,C001,64,Male,2BHK,2026-05-28
R00233,C001,73,Male,3BHK,2023-12-21
R00234,C001,72,Male,3BHK,2024-09-10
R00235,C001,68,Female,1BHK,2024-01-03
R00236,C001,63,Male,2BHK,2023-11-08
R00237,C001,76,Female,2BHK,2025-02-15
R00238,C001,79,Male,2BHK,2024-01-09
R00239,C001,57,Male,3BHK,2025-11-27
R00240,C001,80,Male,2BHK,2024-09-24
R00241,C001,87,Male,3BHK,2024-11-26
R00242,C001,70,Female,2BHK,2026-07-26
R00243,C001,73,Female,1BHK,2025-10-14
R00244,C001,71,Female,2BHK,2024-08-18
R00245,C001,81,Female,3BHK,2026-01-05
R00246,C001,66,Male,1BHK,2024-04-13
R00247,C002,70,Female,2BHK,2026-02-24
R00248,C002,77,Male,2BHK,2026-03-04
R00249,C002,62,Female,3BHK,2025-09-24
R00250,C002,58,Male,2BHK,2024-10-02
R00251,C002,67,Male,2BHK,2025-09-24
R00252,C002,81,Male,1BHK,2025-06-14
R00253,C002,55,Female,2BHK,2024-07-12
R00254,C002,69,Female,2BHK,2024-02-14
R00255,C002,68,Male,3BHK,2024-02-18
R00256,C002,62,Female,2BHK,2026-07-10
R00257,C002,70,Male,3BHK,2025-07-21
R00258,C002,69,Male,1BHK,2025-03-24
R00259,C002,69,Female,1BHK,2025-07-10
R00260,C002,66,Female,2BHK,2025-06-20
R00261,C002,55,Male,2BHK,2025-09-15
R00262,C002,77,Male,1BHK,2023-12-14
R00263,C002,60,Female,2BHK,2026-08-02
R00264,C002,64,Male,1BHK,2026-07-02
R00265,C002,76,Male,1BHK,2026-06-20
R00266,C002,78,Male,2BHK,2024-02-20
R00267,C002,66,Female,1BHK,2023-12-24
R00268,C002,73,Male,1BHK,2025-06-07
R00269,C002,74,Female,2BHK,2025-03-01
R00270,C002,73,Female,1BHK,2024-03-08
R00271,C002,74,Male,1BHK,2024-10-11
R00272,C002,67,Male,1BHK,2024-07-14
R00273,C002,72,Male,3BHK,2024-07-12
R00274,C002,61,Female,2BHK,2026-01-01
R00275,C002,65,Female,2BHK,2025-08-17
R00276,C002,60,Female,2BHK,2024-04-25
R00277,C002,55,Male,3BHK,2025-07-07
R00278,C002,81,Female,1BHK,2024-07-02
R00279,C002,69,Female,2BHK,2024-11-26
R00280,C002,77,Male,1BHK,2025-09-08
R00281,C002,72,Female,2BHK,2024-10-13
R00282,C002,58,Male,3BHK,2024-01-16
R00283,C002,70,Male,2BHK,2025-08-09
R00284,C002,72,Male,3BHK,2026-01-22
R00285,C002,71,Male,2BHK,2024-02-20
R00286,C002,63,Female,3BHK,2023-12-08
R00287,C002,71,Female,2BHK,2026-06-30
R00288,C002,76,Male,3BHK,2026-01-07
R00289,C002,57,Female,1BHK,2023-10-13
R00290,C002,61,Male,2BHK,2024-02-12
R00291,C002,71,Male,2BHK,2024-09-22
R00292,C002,64,Male,2BHK,2024-06-05
R00293,C002,63,Female,2BHK,2025-06-13
R00294,C002,77,Female,3BHK,2025-10-14
R00295,C002,63,Male,2BHK,2025-10-07
R00296,C002,74,Female,1BHK,2024-08-18
R00297,C002,87,Male,2BHK,2025-06-04
R00298,C002,69,Male,1BHK,2023-12-21
R00299,C002,69,Female,2BHK,2024-06-02
R00300,C002,82,Male,3BHK,2025-05-01
R00301,C002,74,Male,2BHK,2023-09-24
R00302,C002,76,Male,1BHK,2025-05-19
R00303,C002,69,Male,2BHK,2024-11-05
R00304,C002,74,Female,2BHK,2025-08-27
R00305,C002,73,Female,3BHK,2024-12-07
R00306,C002,77,Male,2BHK,2025-07-09
R00307,C002,73,Male,2BHK,2026-09-07
R00308,C002,71,Female,1BHK,2026-01-31
R00309,C002,62,Female,3BHK,2026-07-15
R00310,C002,77,Female,2BHK,2025-10-16
R00311,C002,70,Male,3BHK,2024-05-18
R00312,C002,70,Male,2BHK,2024-07-11
R00313,C002,66,Male,2BHK,2024-12-24
R00314,C002,67,Male,2BHK,2024-08-24
R00315,C002,68,Female,2BHK,2023-12-20
R00316,C002,66,Male,2BHK,2026-03-08
R00317,C002,71,Male,1BHK,2026-01-10
R00318,C002,76,Female,1BHK,2023-12-24
R00319,C002,70,Female,2BHK,2025-01-20
R00320,C002,77,Female,2BHK,2023-12-18
R00321,C002,66,Male,2BHK,2023-12-07
R00322,C002,79,Female,3BHK,2026-03-16
R00323,C002,66,Male,2BHK,2025-09-30
R00324,C002,80,Male,1BHK,2025-11-10
R00325,C002,60,Male,1BHK,2025-12-24
R00326,C002,63,Male,1BHK,2024-05-22
R00327,C002,69,Male,2BHK,2023-12-18
R00328,C002,71,Male,3BHK,2025-11-17
R00329,C002,76,Female,2BHK,2024-01-23
R00330,C002,68,Female,1BHK,2024-07-05
R00331,C002,71,Female,2BHK,2024-01-05
R00332,C002,73,Male,1BHK,2026-04-02
R00333,C002,65,Female,2BHK,2024-01-04
R00334,C002,66,Male,3BHK,2026-08-04
R00335,C002,79,Female,1BHK,2024-09-20
R00336,C002,66,Female,1BHK,2025-06-09
R00337,C002,71,Female,2BHK,2024-03-25
R00338,C002,59,Male,3BHK,2026-02-21
R00339,C002,65,Female,3BHK,2024-10-07
R00340,C002,67,Female,3BHK,2026-03-08
R00341,C002,74,Male,2BHK,2026-04-01
R00342,C002,84,Male,2BHK,2023-11-21
R00343,C002,69,Male,1BHK,2026-05-10
R00344,C002,82,Female,1BHK,2024-01-26
R00345,C002,69,Female,2BHK,2025-07-03
R00346,C002,78,Female,2BHK,2026-07-08
R00347,C002,74,Male,3BHK,2026-03-15
R00348,C002,82,Female,2BHK,2026-02-15
R00349,C002,75,Female,2BHK,2025-12-11
R00350,C002,73,Female,2BHK,2025-01-24
R00351,C002,68,Male,2BHK,2024-10-30
R00352,C002,71,Male,3BHK,2024-08-03
R00353,C002,70,Male,2BHK,2026-07-27
R00354,C002,78,Female,3BHK,2025-01-21
R00355,C002,60,Female,2BHK,2024-09-25
R00356,C002,75,Female,1BHK,2024-11-06
R00357,C002,71,Female,2BHK,2025-05-27
R00358,C002,81,Female,3BHK,2024-04-11
R00359,C002,66,Male,2BHK,2026-07-30
R00360,C002,71,Male,2BHK,2026-06-19
R00361,C002,78,Male,3BHK,2024-12-30
R00362,C002,59,Female,3BHK,2025-08-31
R00363,C002,66,Female,1BHK,2025-01-24
R00364,C002,72,Male,2BHK,2024-01-11
R00365,C002,80,Female,2BHK,2023-10-05
R00366,C002,69,Male,3BHK,2025-09-01
R00367,C002,59,Male,2BHK,2026-05-12
R00368,C002,55,Female,1BHK,2026-02-11
R00369,C002,71,Female,2BHK,2024-02-23
R00370,C002,66,Female,1BHK,2024-01-12
R00371,C002,74,Male,2BHK,2026-01-03
R00372,C002,69,Male,2BHK,2024-08-17
R00373,C002,69,Female,1BHK,2025-11-14
R00374,C002,71,Male,1BHK,2024-11-05
R00375,C002,61,Female,2BHK,2024-04-13
R00376,C002,80,Female,1BHK,2025-03-16
R00377,C002,72,Female,3BHK,2024-01-05
R00378,C002,73,Female,2BHK,2024-10-04
R00379,C002,71,Female,2BHK,2025-04-17
R00380,C002,74,Male,1BHK,2024-12-06
R00381,C002,65,Male,2BHK,2024-05-23
R00382,C002,82,Male,2BHK,2025-08-01
R00383,C002,75,Male,2BHK,2026-01-11
R00384,C002,65,Male,1BHK,2026-09-17
R00385,C002,66,Female,2BHK,2025-01-02
R00386,C002,55,Female,3BHK,2026-04-28
R00387,C002,63,Male,3BHK,2026-07-02
R00388,C002,69,Male,2BHK,2025-12-20
R00389,C002,80,Female,1BHK,2023-10-03
R00390,C002,76,Male,2BHK,2026-07-24
R00391,C002,68,Male,1BHK,2026-01-29
R00392,C002,65,Male,1BHK,2024-12-29
R00393,C002,82,Female,1BHK,2026-07-17
R00394,C002,74,Male,1BHK,2024-02-28
R00395,C002,79,Male,3BHK,2024-04-16
R00396,C002,76,Male,2BHK,2024-11-04
R00397,C002,74,Female,3BHK,2024-03-18
R00398,C002,72,Male,3BHK,2024-03-05
R00399,C002,79,Male,2BHK,2026-01-27
R00400,C002,71,Female,2BHK,2024-05-19
R00401,C002,65,Female,1BHK,2024-11-17
R00402,C002,66,Female,2BHK,2024-12-01
R00403,C002,73,Female,2BHK,2026-04-17
R00404,C002,65,Female,2BHK,2024-08-13
R00405,C002,70,Male,2BHK,2025-03-06
R00406,C002,70,Male,1BHK,2024-08-02
R00407,C002,68,Female,2BHK,2026-08-23
R00408,C002,58,Female,2BHK,2026-06-02
R00409,C002,61,Female,1BHK,2024-11-04
R00410,C002,59,Female,2BHK,2025-11-14
R00411,C002,81,Female,3BHK,2025-10-18
R00412,C002,66,Female,2BHK,2024-10-15
R00413,C002,74,Female,1BHK,2023-12-08
R00414,C002,58,Female,2BHK,2024-02-11
R00415,C002,65,Female,3BHK,2026-06-02
R00416,C002,72,Male,1BHK,2025-07-10
R00417,C002,69,Male,3BHK,2024-11-23
R00418,C002,78,Male,2BHK,2023-11-28
R00419,C002,78,Male,2BHK,2023-09-26
R00420,C002,57,Female,2BHK,2025-02-20
R00421,C002,60,Female,1BHK,2024-04-11
R00422,C002,78,Female,2BHK,2026-06-06
R00423,C002,70,Male,3BHK,2024-10-31
R00424,C002,61,Male,1BHK,2024-05-29
R00425,C002,80,Male,1BHK,2025-08-07
R00426,C002,75,Male,2BHK,2026-01-25
R00427,C002,67,Female,3BHK,2025-07-16
R00428,C002,84,Female,3BHK,2026-02-08
R00429,C002,68,Male,1BHK,2023-10-06
R00430,C002,68,Female,3BHK,2024-03-12
R00431,C002,75,Male,2BHK,2024-01-15
R00432,C002,69,Male,1BHK,2026-08-29
R00433,C002,76,Male,2BHK,2024-05-09
R00434,C002,72,Female,2BHK,2026-01-15
R00435,C002,77,Male,2BHK,2023-11-15
R00436,C002,62,Female,1BHK,2025-04-16
R00437,C003,65,Female,1BHK,2026-03-13
R00438,C003,83,Female,3BHK,2026-01-26
R00439,C003,71,Female,2BHK,2024-05-08
R00440,C003,72,Female,2BHK,2025-07-19
R00441,C003,77,Male,2BHK,2024-04-05
R00442,C003,78,Male,2BHK,2023-11-24
R00443,C003,72,Female,1BHK,2025-01-11
R00444,C003,64,Female,2BHK,2025-04-09
R00445,C003,72,Female,2BHK,2023-11-21
R00446,C003,72,Female,2BHK,2025-03-29
R00447,C003,78,Female,2BHK,2024-08-12
R00448,C003,61,Female,2BHK,2026-08-15
R00449,C003,68,Female,1BHK,2024-10-12
R00450,C003,70,Male,2BHK,2026-07-23
R00451,C003,81,Male,2BHK,2024-02-27
R00452,C003,64,Male,2BHK,2025-03-23
R00453,C003,81,Female,2BHK,2026-02-06
R00454,C003,77,Male,3BHK,2025-06-13
R00455,C003,55,Male,2BHK,2026-05-12
R00456,C003,86,Male,2BHK,2024-05-18
R00457,C003,77,Female,2BHK,2024-09-22
R00458,C003,87,Female,2BHK,2024-05-30
R00459,C003,75,Male,3BHK,2024-06-22
R00460,C003,71,Male,3BHK,2025-06-22
R00461,C003,64,Female,2BHK,2023-10-29
R00462,C003,68,Male,2BHK,2024-06-25
R00463,C003,71,Male,2BHK,2025-02-18
R00464,C003,79,Female,2BHK,2025-06-21
R00465,C003,63,Male,2BHK,2026-07-27
R00466,C003,68,Male,2BHK,2024-10-10
R00467,C003,65,Female,2BHK,2024-11-08
R00468,C003,72,Female,2BHK,2024-05-25
R00469,C003,71,Male,2BHK,2026-09-14
R00470,C003,79,Female,2BHK,2024-03-06
R00471,C003,70,Male,1BHK,2025-05-07
R00472,C003,70,Female,2BHK,2023-11-20
R00473,C003,61,Female,2BHK,2025-09-21
R00474,C003,65,Female,2BHK,2024-08-31
R00475,C003,65,Female,2BHK,2024-07-27
R00476,C003,71,Female,1BHK,2025-09-05
R00477,C003,74,Male,1BHK,2025-03-17
R00478,C003,72,Male,2BHK,2025-01-07
R00479,C003,76,Male,2BHK,2024-09-08
R00480,C003,85,Female,2BHK,2024-09-01
R00481,C003,64,Male,2BHK,2023-10-27
R00482,C003,81,Female,3BHK,2026-07-12
R00483,C003,73,Male,1BHK,2024-07-17
R00484,C003,81,Male,3BHK,2025-05-31
R00485,C003,65,Male,2BHK,2025-02-11
R00486,C003,62,Male,2BHK,2024-11-26
R00487,C003,71,Female,2BHK,2024-01-06
R00488,C003,59,Female,2BHK,2024-11-27
R00489,C003,78,Female,2BHK,2025-03-19
R00490,C003,61,Female,2BHK,2026-06-13
R00491,C003,65,Female,3BHK,2025-11-20
R00492,C003,69,Male,2BHK,2025-06-02
R00493,C003,71,Male,2BHK,2026-08-11
R00494,C003,60,Female,2BHK,2025-12-31
R00495,C003,77,Female,1BHK,2025-02-16
R00496,C003,74,Male,1BHK,2023-11-02
R00497,C003,78,Female,2BHK,2024-03-18
R00498,C003,70,Male,2BHK,2024-10-30
R00499,C003,70,Female,2BHK,2024-06-24
R00500,C003,68,Male,2BHK,2026-03-10
R00501,C003,64,Male,3BHK,2024-11-06
R00502,C003,60,Female,2BHK,2023-11-19
R00503,C003,62,Female,2BHK,2024-03-07
R00504,C003,55,Female,2BHK,2026-04-04
R00505,C003,70,Male,3BHK,2025-07-27
R00506,C003,69,Female,3BHK,2025-03-11
R00507,C003,65,Male,2BHK,2025-01-20
R00508,C003,76,Male,2BHK,2025-07-29
R00509,C003,70,Female,3BHK,2026-04-19
R00510,C003,69,Male,3BHK,2025-11-23
R00511,C003,69,Female,2BHK,2024-03-18
R00512,C003,75,Male,2BHK,2025-05-11
R00513,C003,62,Male,1BHK,2026-03-04
R00514,C003,67,Male,1BHK,2024-07-12
R00515,C003,70,Female,2BHK,2024-10-20
R00516,C003,73,Male,2BHK,2023-11-28
R00517,C003,63,Female,1BHK,2025-07-29
R00518,C003,68,Female,2BHK,2023-09-23
R00519,C003,68,Male,3BHK,2025-12-06
R00520,C003,80,Male,2BHK,2026-01-04
R00521,C003,65,Female,1BHK,2026-08-22
R00522,C003,67,Female,3BHK,2026-07-28
R00523,C003,73,Male,2BHK,2024-07-23
R00524,C003,78,Female,2BHK,2025-04-08
R00525,C003,60,Male,2BHK,2025-07-21
R00526,C003,68,Female,2BHK,2024-01-07
R00527,C003,65,Male,2BHK,2026-07-18
R00528,C003,55,Female,1BHK,2025-02-14
R00529,C003,59,Male,1BHK,2026-05-16
R00530,C003,71,Female,3BHK,2025-01-20
R00531,C003,69,Male,2BHK,2026-07-17
R00532,C003,74,Male,3BHK,2024-04-01
R00533,C003,69,Male,2BHK,2024-12-30
R00534,C003,63,Female,2BHK,2025-11-16
R00535,C003,60,Male,2BHK,2025-01-13
R00536,C003,58,Female,3BHK,2026-07-22
R00537,C003,65,Female,2BHK,2025-06-16
R00538,C003,77,Male,3BHK,2025-02-08
R00539,C003,85,Female,3BHK,2025-06-07
R00540,C003,65,Female,2BHK,2026-09-08
R00541,C003,70,Male,2BHK,2024-12-23
R00542,C003,64,Female,2BHK,2026-01-29
R00543,C003,67,Male,1BHK,2024-04-05
R00544,C003,71,Female,2BHK,2024-07-15
R00545,C003,60,Male,2BHK,2025-07-05
R00546,C003,63,Female,1BHK,2026-07-19
R00547,C003,78,Male,1BHK,2025-05-01
R00548,C003,75,Male,3BHK,2026-08-08
R00549,C003,76,Female,2BHK,2024-06-17
R00550,C003,64,Male,1BHK,2026-05-04
R00551,C003,79,Female,2BHK,2026-02-21
R00552,C003,73,Male,3BHK,2024-12-31
R00553,C003,65,Female,2BHK,2025-06-12
R00554,C003,76,Female,2BHK,2026-01-19
R00555,C003,73,Male,2BHK,2023-09-21
R00556,C003,77,Female,1BHK,2025-01-05
R00557,C003,62,Male,2BHK,2024-12-09
R00558,C003,56,Female,1BHK,2024-08-12
R00559,C003,68,Female,2BHK,2025-07-19
R00560,C003,68,Male,3BHK,2026-03-09
R00561,C003,68,Female,2BHK,2026-04-20
R00562,C003,71,Female,2BHK,2026-07-04
R00563,C003,74,Male,2BHK,2025-02-02
R00564,C003,78,Female,3BHK,2025-09-12
R00565,C003,72,Female,1BHK,2025-08-07
R00566,C003,65,Female,3BHK,2025-08-07
R00567,C003,72,Female,2BHK,2026-08-05
R00568,C003,81,Male,2BHK,2024-08-17
R00569,C003,75,Female,2BHK,2025-11-23
R00570,C003,72,Male,2BHK,2025-09-25
R00571,C003,68,Female,1BHK,2024-06-10
R00572,C003,64,Female,2BHK,2026-07-10
R00573,C003,61,Male,2BHK,2024-01-30
R00574,C003,73,Female,1BHK,2024-12-04
R00575,C003,64,Female,2BHK,2025-11-29
R00576,C003,74,Male,1BHK,2026-07-18
R00577,C003,75,Female,2BHK,2026-05-31
R00578,C003,67,Male,2BHK,2026-05-09
R00579,C003,71,Male,2BHK,2025-02-22
R00580,C003,76,Female,1BHK,2024-02-13
R00581,C003,59,Female,1BHK,2024-09-19
R00582,C003,78,Female,2BHK,2026-08-01
R00583,C003,66,Female,2BHK,2025-01-15
R00584,C003,71,Female,2BHK,2024-09-03
R00585,C003,77,Male,3BHK,2024-07-26
R00586,C003,74,Female,1BHK,2024-05-06
R00587,C003,68,Female,2BHK,2023-10-28
R00588,C003,66,Female,2BHK,2023-12-01
R00589,C003,62,Male,2BHK,2024-10-05
R00590,C003,68,Male,1BHK,2025-09-28
R00591,C003,80,Female,3BHK,2026-04-27
R00592,C003,74,Female,2BHK,2024-01-12
R00593,C003,78,Male,2BHK,2025-08-28
R00594,C003,74,Female,2BHK,2025-06-25
R00595,C003,83,Male,2BHK,2026-05-26
R00596,C003,80,Male,1BHK,2026-03-03
R00597,C003,70,Male,3BHK,2024-07-19
R00598,C003,57,Male,2BHK,2026-09-06
R00599,C003,73,Male,2BHK,2025-05-09
R00600,C003,66,Male,1BHK,2025-10-27
R00601,C003,69,Male,2BHK,2025-06-02
R00602,C003,82,Female,1BHK,2024-10-04
R00603,C003,63,Female,2BHK,2024-05-07
R00604,C003,72,Female,1BHK,2026-07-06
R00605,C003,69,Male,1BHK,2026-08-24
R00606,C003,68,Female,1BHK,2023-09-29
R00607,C003,76,Male,2BHK,2024-03-04
R00608,C003,64,Male,2BHK,2025-07-12
R00609,C003,55,Male,3BHK,2024-08-25
R00610,C003,76,Male,2BHK,2024-06-20
R00611,C003,70,Female,1BHK,2026-09-06
R00612,C003,73,Male,2BHK,2025-12-03
R00613,C003,75,Male,2BHK,2025-09-11
R00614,C003,61,Male,3BHK,2023-12-08
R00615,C003,58,Male,1BHK,2026-02-02
R00616,C003,78,Male,2BHK,2024-10-12
R00617,C003,71,Female,1BHK,2024-03-27
R00618,C003,78,Female,2BHK,2025-08-30
R00619,C003,71,Female,1BHK,2024-04-15
R00620,C003,67,Male,2BHK,2025-09-11
R00621,C003,73,Male,2BHK,2026-07-24
R00622,C003,76,Female,2BHK,2025-12-24
R00623,C003,70,Female,2BHK,2026-02-05
R00624,C003,64,Male,2BHK,2026-04-03
R00625,C003,65,Male,2BHK,2025-01-25
R00626,C003,64,Female,2BHK,2025-08-08
R00627,C003,72,Female,3BHK,2026-04-29
R00628,C003,68,Male,2BHK,2025-11-13
R00629,C003,76,Female,2BHK,2025-07-14
R00630,C003,69,Male,2BHK,2026-01-19
R00631,C003,67,Female,3BHK,2025-08-13
R00632,C003,78,Male,2BHK,2024-05-25
R00633,C003,76,Female,2BHK,2025-09-27
R00634,C003,65,Female,2BHK,2025-08-20
R00635,C003,70,Male,2BHK,2024-10-27
R00636,C003,75,Female,2BHK,2024-10-09
R00637,C003,67,Male,3BHK,2026-06-07
R00638,C003,67,Female,1BHK,2024-11-24
R00639,C003,84,Male,3BHK,2025-12-08
R00640,C003,62,Female,2BHK,2025-10-12
R00641,C003,69,Female,2BHK,2026-05-21
R00642,C003,73,Female,1BHK,2024-09-26
R00643,C003,68,Male,1BHK,2024-11-20
R00644,C003,76,Female,2BHK,2025-08-04
R00645,C003,74,Male,2BHK,2024-01-19
R00646,C003,72,Male,3BHK,2024-12-07
R00647,C003,71,Female,2BHK,2024-09-19
R00648,C003,79,Male,3BHK,2024-11-16
R00649,C003,55,Female,3BHK,2025-02-23
R00650,C003,65,Male,1BHK,2025-01-29
R00651,C003,75,Male,1BHK,2026-01-07
R00652,C003,73,Male,2BHK,2024-01-24
R00653,C003,81,Female,2BHK,2024-04-22
R00654,C003,67,Male,3BHK,2024-05-12
R00655,C003,72,Female,1BHK,2024-09-14
R00656,C003,69,Female,2BHK,2025-05-08
R00657,C003,66,Male,3BHK,2026-09-03
R00658,C003,71,Male,3BHK,2024-05-15
R00659,C003,76,Female,2BHK,2024-08-18
R00660,C003,60,Male,1BHK,2023-12-29
R00661,C003,73,Female,2BHK,2025-06-26
R00662,C003,71,Female,2BHK,2025-06-15
R00663,C003,72,Female,2BHK,2025-02-16
R00664,C003,68,Male,2BHK,2026-01-10
R00665,C003,77,Female,2BHK,2025-09-13
R00666,C003,69,Female,1BHK,2025-06-27
R00667,C003,66,Female,3BHK,2023-12-26
R00668,C003,69,Male,3BHK,2024-08-07
R00669,C003,73,Female,3BHK,2025-07-04
R00670,C003,68,Male,3BHK,2025-05-18
R00671,C003,63,Female,2BHK,2026-03-16
R00672,C003,77,Female,1BHK,2026-09-05
R00673,C003,72,Male,1BHK,2023-10-21
R00674,C003,82,Male,2BHK,2026-03-03
R00675,C003,75,Male,2BHK,2025-05-03
R00676,C003,58,Female,1BHK,2025-09-30
R00677,C003,76,Female,1BHK,2023-09-30
R00678,C003,81,Male,1BHK,2025-03-20
R00679,C003,70,Male,3BHK,2024-12-27
R00680,C003,78,Female,1BHK,2025-05-18
R00681,C003,76,Female,2BHK,2025-07-02
R00682,C003,73,Female,2BHK,2026-01-04
R00683,C003,65,Female,2BHK,2026-01-16
R00684,C003,57,Female,2BHK,2026-04-15
R00685,C003,81,Female,2BHK,2024-08-28
R00686,C003,79,Male,2BHK,2025-10-18
R00687,C004,68,Female,2BHK,2024-08-26
R00688,C004,64,Female,2BHK,2024-11-17
R00689,C004,70,Female,1BHK,2025-07-29
R00690,C004,81,Male,2BHK,2025-10-14
R00691,C004,65,Male,2BHK,2023-11-05
R00692,C004,69,Female,2BHK,2025-05-17
R00693,C004,60,Female,2BHK,2025-02-24
R00694,C004,69,Male,2BHK,2026-07-26
R00695,C004,67,Female,2BHK,2026-08-11
R00696,C004,64,Female,2BHK,2025-06-10
R00697,C004,68,Male,2BHK,2024-06-03
R00698,C004,74,Male,2BHK,2025-09-16
R00699,C004,77,Female,2BHK,2024-04-06
R00700,C004,70,Female,1BHK,2026-05-14
R00701,C004,65,Male,2BHK,2025-12-28
R00702,C004,59,Female,2BHK,2023-11-01
R00703,C004,58,Female,3BHK,2025-05-25
R00704,C004,76,Female,1BHK,2026-03-28
R00705,C004,66,Male,1BHK,2026-02-13
R00706,C004,71,Female,2BHK,2026-07-16
R00707,C004,68,Male,2BHK,2023-11-02
R00708,C004,63,Male,2BHK,2024-01-29
R00709,C004,69,Male,2BHK,2026-06-15
R00710,C004,70,Female,2BHK,2025-07-17
R00711,C004,62,Female,1BHK,2024-04-18
R00712,C004,79,Female,3BHK,2025-09-07
R00713,C004,76,Female,1BHK,2024-06-29
R00714,C004,72,Female,1BHK,2023-12-08
R00715,C004,61,Male,2BHK,2024-10-29
R00716,C004,70,Male,2BHK,2025-05-01
R00717,C004,66,Male,2BHK,2025-02-10
R00718,C004,70,Male,2BHK,2024-08-14
R00719,C004,76,Female,2BHK,2025-08-27
R00720,C004,72,Female,2BHK,2025-02-09
R00721,C004,77,Male,2BHK,2025-02-26
R00722,C004,65,Female,3BHK,2025-05-01
R00723,C004,69,Male,2BHK,2024-11-26
R00724,C004,75,Male,2BHK,2025-07-06
R00725,C004,77,Male,1BHK,2024-10-16
R00726,C004,77,Male,1BHK,2024-01-26
R00727,C004,67,Male,1BHK,2025-09-20
R00728,C004,75,Female,2BHK,2023-10-21
R00729,C004,66,Male,2BHK,2026-01-05
R00730,C004,68,Female,2BHK,2023-12-10
R00731,C004,61,Female,2BHK,2025-03-17
R00732,C004,65,Female,1BHK,2024-09-03
R00733,C004,66,Female,3BHK,2026-06-26
R00734,C004,69,Male,1BHK,2024-01-05
R00735,C004,69,Male,1BHK,2026-06-29
R00736,C004,67,Female,2BHK,2023-11-22
R00737,C004,73,Male,3BHK,2023-11-08
R00738,C004,67,Male,3BHK,2024-10-09
R00739,C004,78,Female,2BHK,2024-07-26
R00740,C004,72,Female,2BHK,2023-10-22
R00741,C004,59,Female,1BHK,2026-05-13
R00742,C004,62,Female,2BHK,2024-05-14
R00743,C004,74,Male,2BHK,2024-09-25
R00744,C004,73,Male,1BHK,2024-04-04
R00745,C004,68,Male,3BHK,2025-09-25
R00746,C004,66,Female,2BHK,2026-07-26
R00747,C004,62,Male,2BHK,2024-03-16
R00748,C004,71,Female,2BHK,2026-02-13
R00749,C004,77,Female,1BHK,2024-08-24
R00750,C004,83,Male,1BHK,2025-09-12
R00751,C004,88,Male,3BHK,2026-09-11
R00752,C004,59,Female,2BHK,2024-10-23
R00753,C004,77,Male,2BHK,2025-04-16
R00754,C004,70,Male,2BHK,2024-06-07
R00755,C004,74,Female,1BHK,2026-04-19
R00756,C004,67,Male,3BHK,2026-04-21
R00757,C004,77,Female,2BHK,2024-03-16
R00758,C004,69,Male,1BHK,2024-06-01
R00759,C004,65,Female,2BHK,2025-01-16
R00760,C004,79,Female,3BHK,2024-03-06
R00761,C004,69,Female,2BHK,2026-03-07
R00762,C004,71,Female,3BHK,2023-10-30
R00763,C004,68,Female,2BHK,2025-01-17
R00764,C004,68,Female,3BHK,2026-03-03
R00765,C004,74,Female,3BHK,2026-08-08
R00766,C004,55,Male,2BHK,2025-04-26
R00767,C004,77,Female,1BHK,2025-05-29
R00768,C004,76,Male,2BHK,2024-07-25
R00769,C004,65,Male,3BHK,2024-01-17
R00770,C004,76,Male,3BHK,2026-03-28
R00771,C004,76,Male,1BHK,2026-08-28
R00772,C004,73,Female,3BHK,2026-05-22
R00773,C004,65,Female,2BHK,2024-10-02
R00774,C004,73,Female,2BHK,2024-02-26
R00775,C004,72,Male,2BHK,2026-09-08
R00776,C004,77,Male,2BHK,2025-01-01
R00777,C004,65,Male,1BHK,2026-08-18
R00778,C004,68,Female,3BHK,2026-04-10
R00779,C004,56,Male,2BHK,2024-03-27
R00780,C004,71,Female,2BHK,2026-02-16
R00781,C004,58,Male,2BHK,2023-11-23
R00782,C004,64,Female,3BHK,2025-03-13
R00783,C004,75,Male,2BHK,2025-12-26
R00784,C004,68,Male,2BHK,2025-07-17
R00785,C004,70,Male,2BHK,2026-07-14
R00786,C004,71,Male,3BHK,2025-04-18
R00787,C004,55,Female,2BHK,2024-01-06
R00788,C004,71,Male,2BHK,2025-11-14
R00789,C004,75,Female,3BHK,2026-06-22
R00790,C004,63,Female,2BHK,2025-03-04
R00791,C004,72,Male,2BHK,2023-10-10
R00792,C004,66,Male,1BHK,2025-07-04
R00793,C004,66,Female,2BHK,2025-10-21
R00794,C004,71,Male,2BHK,2024-03-02
R00795,C004,67,Female,1BHK,2025-07-25
R00796,C004,71,Male,2BHK,2025-04-05
R00797,C004,65,Male,2BHK,2026-06-04
R00798,C004,67,Female,2BHK,2025-09-04
R00799,C004,71,Male,3BHK,2024-05-15
R00800,C004,71,Male,3BHK,2025-07-28
R00801,C004,71,Female,2BHK,2024-06-20
R00802,C004,65,Female,2BHK,2025-12-09
R00803,C004,76,Female,2BHK,2026-06-27
R00804,C004,78,Female,2BHK,2024-11-13
R00805,C004,65,Female,2BHK,2026-05-04
R00806,C004,67,Male,2BHK,2026-01-04
R00807,C004,70,Male,2BHK,2025-10-11
R00808,C004,74,Male,2BHK,2025-09-12
R00809,C004,66,Female,2BHK,2025-07-28
R00810,C004,68,Female,3BHK,2026-03-29
R00811,C004,74,Male,3BHK,2024-11-10
R00812,C004,62,Male,2BHK,2025-02-02
R00813,C004,59,Male,2BHK,2024-10-06
R00814,C004,75,Female,2BHK,2024-02-02
R00815,C004,61,Female,1BHK,2024-11-27
R00816,C004,81,Female,2BHK,2025-08-21
R00817,C004,66,Male,2BHK,2024-10-03
R00818,C004,68,Male,3BHK,2025-09-11
R00819,C004,68,Female,2BHK,2026-02-22
R00820,C004,63,Female,2BHK,2026-04-26
R00821,C004,69,Female,2BHK,2026-07-24
R00822,C004,68,Female,2BHK,2025-05-01
R00823,C004,75,Female,3BHK,2025-02-24
R00824,C004,75,Male,1BHK,2023-11-04
R00825,C004,74,Male,2BHK,2025-10-27
R00826,C004,74,Male,2BHK,2025-02-06
R00827,C004,70,Male,2BHK,2024-06-29
R00828,C004,80,Male,2BHK,2025-10-17
R00829,C004,71,Female,1BHK,2024-08-15
R00830,C004,70,Female,2BHK,2025-03-25
R00831,C004,68,Male,2BHK,2024-10-26
R00832,C004,80,Male,1BHK,2025-03-02
R00833,C004,69,Female,2BHK,2024-11-28
R00834,C004,58,Male,3BHK,2026-04-04
R00835,C004,70,Female,1BHK,2026-09-14
R00836,C004,71,Male,1BHK,2024-11-23
R00837,C004,67,Female,2BHK,2026-01-31
R00838,C004,67,Female,1BHK,2023-10-06
R00839,C004,73,Male,2BHK,2025-12-01
R00840,C005,77,Male,2BHK,2024-07-13
R00841,C005,68,Male,3BHK,2024-01-31
R00842,C005,73,Female,1BHK,2024-09-29
R00843,C005,64,Male,3BHK,2025-06-13
R00844,C005,84,Female,1BHK,2025-10-18
R00845,C005,84,Male,2BHK,2026-01-30
R00846,C005,70,Female,2BHK,2024-09-28
R00847,C005,55,Male,1BHK,2026-08-28
R00848,C005,80,Male,1BHK,2025-09-29
R00849,C005,66,Female,1BHK,2026-06-20
R00850,C005,74,Female,3BHK,2025-10-22
R00851,C005,58,Male,2BHK,2025-08-17
R00852,C005,73,Male,2BHK,2023-10-17
R00853,C005,72,Female,1BHK,2024-02-12
R00854,C005,70,Male,2BHK,2024-12-21
R00855,C005,75,Female,1BHK,2024-08-30
R00856,C005,60,Female,2BHK,2025-06-10
R00857,C005,67,Male,2BHK,2026-08-30
R00858,C005,69,Female,1BHK,2024-10-02
R00859,C005,61,Male,3BHK,2025-01-08
R00860,C005,74,Female,1BHK,2026-07-18
R00861,C005,66,Female,2BHK,2026-03-12
R00862,C005,69,Male,2BHK,2025-04-16
R00863,C005,75,Female,1BHK,2025-09-25
R00864,C005,68,Female,2BHK,2026-01-27
R00865,C005,79,Female,3BHK,2025-12-23
R00866,C005,65,Female,2BHK,2025-03-08
R00867,C005,65,Female,2BHK,2025-07-12
R00868,C005,75,Female,1BHK,2026-01-22
R00869,C005,70,Male,1BHK,2025-02-15
R00870,C005,63,Male,1BHK,2025-03-20
R00871,C005,67,Female,2BHK,2026-09-16
R00872,C005,74,Male,2BHK,2025-08-25
R00873,C005,81,Male,2BHK,2024-11-14
R00874,C005,70,Female,3BHK,2025-01-09
R00875,C005,68,Female,2BHK,2024-10-15
R00876,C005,76,Female,1BHK,2024-09-13
R00877,C005,61,Male,3BHK,2024-03-26
R00878,C005,72,Male,1BHK,2024-07-16
R00879,C005,55,Female,3BHK,2025-01-23
R00880,C005,71,Male,2BHK,2024-03-24
R00881,C005,74,Male,3BHK,2025-12-31
R00882,C005,78,Female,2BHK,2026-08-28
R00883,C005,66,Male,2BHK,2024-07-04
R00884,C005,69,Male,2BHK,2024-07-14
R00885,C005,65,Female,1BHK,2024-08-22
R00886,C005,70,Male,2BHK,2025-10-12
R00887,C005,74,Female,3BHK,2024-11-23
R00888,C005,61,Male,2BHK,2026-03-24
R00889,C005,78,Female,1BHK,2025-12-13
R00890,C005,63,Male,3BHK,2026-04-05
R00891,C005,65,Female,2BHK,2024-12-03
R00892,C005,79,Male,2BHK,2024-02-24
R00893,C005,64,Female,2BHK,2024-07-18
R00894,C005,73,Female,1BHK,2024-12-24
R00895,C005,74,Male,2BHK,2024-09-08
R00896,C005,59,Female,1BHK,2025-04-03
R00897,C005,83,Male,3BHK,2024-06-25
R00898,C005,90,Female,2BHK,2025-01-02
R00899,C005,67,Female,2BHK,2023-10-12
R00900,C005,82,Female,3BHK,2025-12-28
R00901,C005,75,Male,2BHK,2024-04-04
R00902,C005,65,Male,3BHK,2024-11-20
R00903,C005,73,Female,2BHK,2023-11-30
R00904,C005,75,Female,2BHK,2023-12-14
R00905,C005,62,Female,2BHK,2026-01-27
R00906,C005,67,Male,1BHK,2024-12-17
R00907,C005,59,Female,3BHK,2026-09-08
R00908,C005,67,Female,3BHK,2024-04-04
R00909,C005,70,Female,3BHK,2026-06-07
R00910,C005,65,Male,3BHK,2025-10-22
R00911,C005,55,Male,3BHK,2024-02-27
R00912,C005,77,Male,2BHK,2023-10-10
R00913,C005,74,Female,2BHK,2026-02-28
R00914,C005,67,Male,2BHK,2024-12-05
R00915,C005,78,Female,1BHK,2025-09-19
R00916,C005,71,Female,1BHK,2025-10-03
R00917,C005,57,Male,2BHK,2025-08-05
R00918,C005,72,Female,2BHK,2025-03-03
R00919,C005,65,Male,2BHK,2024-07-03
R00920,C005,80,Male,2BHK,2023-12-09
R00921,C005,62,Male,2BHK,2024-10-17
R00922,C005,78,Female,2BHK,2025-10-02
R00923,C005,77,Male,2BHK,2024-03-16
R00924,C005,80,Female,1BHK,2023-12-31
R00925,C005,63,Male,3BHK,2025-06-04
R00926,C005,63,Male,2BHK,2025-10-23
R00927,C005,68,Female,2BHK,2024-01-14
R00928,C005,63,Male,2BHK,2026-03-05
R00929,C005,59,Male,2BHK,2026-05-25
R00930,C005,65,Male,2BHK,2026-08-22
R00931,C005,71,Female,1BHK,2023-12-13
R00932,C005,70,Male,3BHK,2024-05-13
R00933,C005,66,Female,2BHK,2024-05-09
R00934,C005,68,Female,2BHK,2026-02-11
R00935,C005,75,Female,2BHK,2025-01-04
R00936,C005,61,Male,2BHK,2024-01-31
R00937,C005,77,Female,1BHK,2024-10-10
R00938,C005,71,Male,3BHK,2024-03-23
R00939,C005,73,Male,2BHK,2026-02-03
R00940,C005,72,Female,2BHK,2025-06-28
R00941,C005,68,Female,2BHK,2026-04-19
R00942,C005,69,Male,3BHK,2026-04-04
R00943,C005,77,Male,2BHK,2026-05-08
R00944,C005,67,Female,1BHK,2024-09-05
R00945,C005,69,Male,2BHK,2025-12-10
R00946,C005,68,Female,2BHK,2025-05-03
R00947,C005,66,Female,1BHK,2025-08-20
R00948,C005,58,Female,2BHK,2025-08-08
R00949,C005,60,Female,1BHK,2024-12-25
R00950,C005,74,Male,3BHK,2026-03-23
R00951,C005,64,Male,1BHK,2025-07-18
R00952,C005,65,Male,2BHK,2025-01-07
R00953,C005,74,Female,1BHK,2026-02-20
R00954,C005,80,Female,3BHK,2026-05-12
R00955,C005,73,Female,2BHK,2023-12-23
R00956,C005,73,Male,2BHK,2026-04-25
R00957,C005,76,Female,1BHK,2024-02-22
R00958,C005,76,Male,3BHK,2024-08-08
R00959,C005,77,Male,2BHK,2026-05-19
R00960,C005,86,Female,2BHK,2024-08-13
R00961,C005,68,Female,1BHK,2024-11-05
R00962,C005,80,Female,2BHK,2026-07-12
R00963,C005,83,Female,1BHK,2024-01-25
R00964,C005,64,Female,2BHK,2024-05-21
R00965,C005,67,Male,2BHK,2024-09-27
R00966,C005,69,Male,2BHK,2024-06-17
R00967,C005,66,Female,2BHK,2026-01-25
R00968,C005,80,Male,1BHK,2024-01-15
R00969,C005,75,Female,2BHK,2024-05-21
R00970,C005,72,Male,2BHK,2023-09-25
R00971,C005,62,Female,2BHK,2025-06-16
R00972,C005,64,Male,2BHK,2025-08-20
R00973,C005,73,Male,3BHK,2026-08-26
R00974,C005,73,Female,2BHK,2026-03-31
R00975,C005,70,Female,3BHK,2025-09-19
R00976,C005,55,Male,2BHK,2024-12-16
R00977,C005,71,Male,3BHK,2023-11-10
R00978,C005,90,Female,3BHK,2024-09-14
R00979,C005,72,Male,2BHK,2024-12-11
R00980,C005,74,Male,2BHK,2024-12-03
R00981,C005,73,Male,1BHK,2026-09-17
R00982,C005,63,Male,1BHK,2025-08-26
R00983,C005,76,Female,1BHK,2024-01-09
R00984,C005,76,Male,1BHK,2026-08-23
R00985,C005,65,Male,1BHK,2024-09-17
R00986,C005,61,Female,2BHK,2024-11-04
R00987,C005,60,Male,3BHK,2026-05-18
R00988,C005,66,Female,2BHK,2026-03-25
R00989,C005,58,Female,2BHK,2026-07-14
R00990,C005,56,Female,1BHK,2024-07-24
R00991,C005,55,Female,2BHK,2025-07-12
R00992,C005,70,Female,1BHK,2024-03-17
R00993,C005,63,Male,1BHK,2026-01-13
R00994,C005,71,Female,1BHK,2024-09-04
R00995,C005,76,Male,2BHK,2026-06-23
R00996,C005,68,Male,1BHK,2024-05-09
R00997,C005,88,Female,2BHK,2024-11-06
R00998,C005,62,Male,1BHK,2024-04-28
R00999,C005,71,Female,3BHK,2024-01-09
R01000,C005,82,Female,2BHK,2023-12-22
R01001,C005,77,Male,1BHK,2024-06-04
R01002,C005,65,Female,3BHK,2025-01-10
R01003,C005,64,Male,3BHK,2026-04-02
R01004,C005,69,Female,1BHK,2026-02-21
R01005,C005,75,Female,1BHK,2024-12-12
R01006,C005,55,Female,1BHK,2025-08-03
R01007,C005,78,Male,3BHK,2024-04-01
R01008,C005,66,Female,2BHK,2025-09-18
R01009,C005,65,Male,1BHK,2026-08-25
R01010,C005,61,Male,2BHK,2025-01-05
R01011,C005,76,Female,1BHK,2026-09-11
R01012,C005,78,Male,2BHK,2025-06-07
R01013,C005,68,Female,2BHK,2024-11-16
R01014,C005,69,Female,1BHK,2025-11-06
R01015,C005,73,Female,2BHK,2026-01-06
R01016,C005,80,Female,2BHK,2025-10-27
R01017,C005,72,Female,2BHK,2025-08-01
R01018,C005,63,Male,1BHK,2024-01-23
R01019,C005,72,Female,2BHK,2026-04-07
R01020,C005,73,Female,2BHK,2023-11-21
R01021,C005,71,Female,1BHK,2025-07-23
R01022,C005,76,Male,2BHK,2025-02-02
R01023,C005,64,Male,1BHK,2026-04-15
R01024,C005,65,Male,2BHK,2024-10-13
R01025,C005,70,Male,1BHK,2023-10-31
R01026,C005,76,Female,2BHK,2024-02-09
R01027,C005,73,Female,2BHK,2024-09-10
R01028,C005,77,Female,2BHK,2026-08-03
R01029,C005,71,Male,2BHK,2026-03-02
R01030,C005,73,Male,2BHK,2026-03-21
R01031,C005,73,Male,2BHK,2023-10-23
R01032,C005,60,Female,2BHK,2026-07-31
R01033,C005,65,Male,2BHK,2024-11-12
R01034,C005,74,Male,2BHK,2026-03-04
R01035,C005,72,Male,2BHK,2023-11-22
R01036,C005,59,Male,3BHK,2024-06-19
R01037,C005,67,Female,3BHK,2025-09-20
R01038,C005,75,Female,3BHK,2025-12-05
R01039,C005,73,Male,1BHK,2026-06-29
R01040,C005,59,Female,2BHK,2025-08-07
R01041,C005,75,Female,3BHK,2024-11-26
R01042,C005,74,Male,1BHK,2024-06-28
R01043,C005,62,Male,2BHK,2026-03-18
R01044,C005,68,Female,2BHK,2025-07-29
R01045,C005,77,Male,1BHK,2026-06-03
R01046,C005,60,Female,2BHK,2025-10-23
R01047,C005,72,Female,2BHK,2024-02-09
R01048,C005,77,Female,2BHK,2025-09-20
R01049,C005,71,Female,2BHK,2025-03-14
R01050,C005,70,Female,2BHK,2025-06-16
R01051,C005,73,Female,3BHK,2025-02-19
R01052,C005,60,Male,2BHK,2025-01-31
R01053,C005,74,Female,1BHK,2026-07-28
R01054,C005,76,Male,2BHK,2024-03-01
R01055,C005,62,Female,1BHK,2024-05-27
R01056,C005,80,Female,2BHK,2025-02-14
R01057,C005,77,Male,1BHK,2025-06-21
R01058,C005,79,Female,2BHK,2026-09-02
R01059,C005,73,Male,2BHK,2025-10-29
R01060,C005,63,Female,1BHK,2024-12-11
R01061,C005,80,Female,3BHK,2026-07-16
R01062,C005,75,Female,2BHK,2025-06-04
R01063,C005,55,Male,2BHK,2026-01-22
R01064,C005,67,Male,3BHK,2023-11-17
R01065,C005,82,Male,1BHK,2025-08-27
R01066,C005,81,Male,2BHK,2024-02-04
R01067,C005,71,Female,3BHK,2025-01-21
R01068,C005,64,Female,1BHK,2024-10-17
R01069,C005,74,Male,3BHK,2025-02-04
R01070,C005,64,Female,1BHK,2024-03-19
R01071,C005,71,Female,2BHK,2025-06-09
R01072,C005,75,Female,1BHK,2025-11-28
R01073,C005,66,Female,3BHK,2023-09-22
R01074,C005,68,Female,3BHK,2026-07-08
R01075,C005,68,Male,1BHK,2026-01-10
R01076,C005,64,Male,2BHK,2025-09-07
R01077,C005,66,Male,1BHK,2025-06-23
R01078,C005,68,Female,2BHK,2023-12-14
R01079,C005,69,Male,2BHK,2024-07-08
R01080,C005,73,Male,2BHK,2025-12-04
R01081,C005,66,Male,2BHK,2025-04-05
R01082,C005,67,Female,1BHK,2026-05-15
R01083,C005,74,Male,2BHK,2025-11-03
R01084,C005,66,Female,1BHK,2026-05-19
R01085,C005,69,Male,2BHK,2025-08-07
R01086,C005,64,Female,1BHK,2023-12-10
R01087,C005,71,Male,2BHK,2024-08-02
R01088,C005,88,Male,2BHK,2024-11-08
R01089,C005,69,Male,3BHK,2026-01-21
R01090,C005,64,Male,2BHK,2024-04-11
R01091,C005,82,Female,2BHK,2024-12-11
R01092,C005,67,Female,3BHK,2025-08-01
R01093,C005,72,Female,3BHK,2026-09-09
R01094,C005,56,Female,2BHK,2025-10-12
R01095,C005,69,Female,2BHK,2024-03-27
R01096,C005,60,Female,3BHK,2023-11-04
R01097,C005,76,Male,2BHK,2026-05-26
R01098,C005,67,Male,2BHK,2026-04-23
R01099,C005,68,Female,1BHK,2024-09-26
R01100,C005,67,Female,2BHK,2024-05-24
R01101,C005,85,Male,2BHK,2025-01-15
R01102,C005,68,Male,2BHK,2026-01-23
R01103,C005,71,Male,2BHK,2023-10-12
R01104,C005,62,Male,1BHK,2026-01-25
R01105,C005,66,Female,3BHK,2025-06-15
R01106,C005,75,Female,1BHK,2024-02-12
R01107,C005,78,Male,1BHK,2024-09-04
R01108,C005,66,Female,3BHK,2024-03-15
R01109,C005,66,Female,1BHK,2025-09-06
R01110,C005,73,Male,3BHK,2024-03-21
R01111,C005,64,Male,3BHK,2026-06-23
R01112,C005,63,Female,2BHK,2024-05-17
R01113,C005,65,Male,2BHK,2025-11-03
R01114,C005,73,Male,2BHK,2024-12-17
R01115,C005,63,Male,3BHK,2025-11-19
R01116,C005,65,Male,2BHK,2026-09-20
R01117,C005,65,Female,2BHK,2024-11-18
R01118,C005,73,Female,3BHK,2025-06-27
R01119,C005,66,Female,1BHK,2025-10-09
R01120,C005,79,Male,1BHK,2025-09-23
R01121,C005,70,Female,3BHK,2024-10-03
R01122,C005,55,Female,2BHK,2025-08-30
R01123,C006,55,Female,1BHK,2026-01-24
R01124,C006,82,Male,2BHK,2024-05-02
R01125,C006,66,Female,2BHK,2025-05-08
R01126,C006,72,Male,2BHK,2024-07-13
R01127,C006,66,Female,1BHK,2026-04-09
R01128,C006,78,Female,1BHK,2025-11-18
R01129,C006,74,Female,2BHK,2024-04-20
R01130,C006,82,Male,1BHK,2024-01-07
R01131,C006,70,Female,1BHK,2024-11-23
R01132,C006,79,Male,1BHK,2025-06-26
R01133,C006,70,Female,2BHK,2025-03-01
R01134,C006,71,Female,2BHK,2025-11-17
R01135,C006,76,Female,3BHK,2024-11-09
R01136,C006,66,Female,2BHK,2023-09-24
R01137,C006,76,Female,2BHK,2024-12-03
R01138,C006,80,Male,1BHK,2024-12-27
R01139,C006,58,Male,3BHK,2026-03-20
R01140,C006,67,Female,1BHK,2026-03-09
R01141,C006,74,Male,1BHK,2026-07-12
R01142,C006,68,Male,2BHK,2025-10-20
R01143,C006,70,Male,2BHK,2024-05-08
R01144,C006,55,Female,2BHK,2025-08-14
R01145,C006,73,Female,3BHK,2026-01-04
R01146,C006,80,Female,1BHK,2025-10-12
R01147,C006,63,Male,3BHK,2025-03-10
R01148,C006,82,Female,3BHK,2025-02-18
R01149,C006,77,Male,1BHK,2026-01-25
R01150,C006,62,Male,2BHK,2026-01-12
R01151,C006,78,Male,2BHK,2025-04-28
R01152,C006,68,Female,2BHK,2025-08-28
R01153,C006,56,Female,2BHK,2025-02-01
R01154,C006,69,Male,1BHK,2024-07-10
R01155,C006,76,Male,2BHK,2026-09-08
R01156,C006,70,Female,3BHK,2024-09-25
R01157,C006,71,Female,3BHK,2026-02-25
R01158,C006,78,Male,2BHK,2025-05-07
R01159,C006,69,Female,2BHK,2024-09-17
R01160,C006,70,Male,3BHK,2025-06-20
R01161,C006,80,Male,2BHK,2023-11-27
R01162,C006,74,Female,1BHK,2025-01-27
R01163,C006,71,Male,3BHK,2025-09-24
R01164,C006,61,Female,3BHK,2026-09-20
R01165,C006,56,Male,1BHK,2025-05-05
R01166,C006,63,Female,2BHK,2025-05-12
R01167,C006,73,Male,2BHK,2026-07-18
R01168,C006,60,Male,3BHK,2026-06-29
R01169,C006,69,Male,2BHK,2024-05-14
R01170,C006,79,Female,2BHK,2025-10-29
R01171,C006,59,Female,1BHK,2023-11-17
R01172,C006,55,Male,3BHK,2024-04-04
R01173,C006,67,Male,2BHK,2025-11-09
R01174,C006,78,Female,1BHK,2026-03-25
R01175,C006,71,Female,1BHK,2025-02-17
R01176,C006,73,Male,2BHK,2024-02-23
R01177,C006,73,Female,2BHK,2025-08-04
R01178,C006,63,Female,1BHK,2024-02-22
R01179,C006,63,Female,3BHK,2025-12-16
R01180,C006,68,Female,1BHK,2025-08-30
R01181,C006,75,Male,3BHK,2023-10-14
R01182,C006,55,Female,2BHK,2024-05-01
R01183,C006,60,Male,2BHK,2025-06-18
R01184,C006,65,Male,2BHK,2026-07-04
R01185,C006,66,Male,1BHK,2024-05-17
R01186,C006,71,Male,3BHK,2024-01-15
R01187,C006,69,Male,3BHK,2025-09-19
R01188,C006,66,Female,1BHK,2024-11-05
R01189,C006,82,Female,1BHK,2025-02-27
R01190,C006,70,Female,3BHK,2026-05-16
R01191,C006,71,Female,2BHK,2026-09-01
R01192,C006,74,Female,2BHK,2025-05-30
R01193,C006,64,Female,3BHK,2026-06-26
R01194,C006,82,Male,3BHK,2024-01-23
R01195,C006,78,Male,2BHK,2025-02-12
R01196,C006,70,Female,2BHK,2026-08-03
R01197,C006,69,Female,2BHK,2025-12-27
R01198,C006,78,Female,2BHK,2025-05-03
R01199,C006,69,Female,2BHK,2025-01-24
R01200,C006,72,Female,3BHK,2026-05-21
R01201,C006,69,Female,2BHK,2025-10-18
R01202,C006,74,Female,1BHK,2026-01-08
R01203,C006,81,Female,1BHK,2023-11-15
R01204,C006,77,Female,1BHK,2026-05-07
R01205,C006,60,Male,2BHK,2024-01-05
R01206,C006,74,Male,1BHK,2024-09-19
R01207,C006,67,Female,3BHK,2026-05-28
R01208,C006,61,Male,2BHK,2026-08-19
R01209,C006,77,Male,1BHK,2024-12-10
R01210,C006,81,Male,3BHK,2024-09-08
R01211,C006,73,Female,2BHK,2024-02-08
R01212,C006,67,Male,1BHK,2025-07-26
R01213,C006,56,Male,2BHK,2024-02-20
R01214,C006,79,Male,2BHK,2026-06-01
R01215,C006,69,Female,2BHK,2026-09-18
R01216,C006,69,Female,2BHK,2024-02-24
R01217,C006,76,Male,3BHK,2025-08-10
R01218,C006,62,Male,2BHK,2024-06-05
R01219,C006,69,Female,3BHK,2026-09-03
R01220,C006,65,Male,1BHK,2024-12-29
R01221,C006,69,Male,3BHK,2023-11-04
R01222,C006,63,Male,1BHK,2023-12-01
R01223,C006,55,Male,2BHK,2025-02-05
R01224,C006,67,Female,1BHK,2023-12-17
R01225,C006,79,Female,1BHK,2024-12-19
R01226,C006,72,Male,2BHK,2025-03-30
R01227,C006,61,Female,1BHK,2025-04-25
R01228,C006,57,Male,2BHK,2025-07-21
R01229,C006,63,Female,2BHK,2024-05-04
R01230,C006,74,Female,3BHK,2024-10-04
R01231,C006,62,Male,1BHK,2025-12-24
R01232,C006,64,Female,3BHK,2025-06-22
R01233,C006,76,Male,1BHK,2026-02-16
R01234,C006,73,Female,2BHK,2026-08-15
R01235,C006,61,Male,3BHK,2024-06-26
R01236,C006,76,Male,3BHK,2024-06-11
R01237,C006,76,Female,2BHK,2024-06-18
R01238,C006,82,Male,2BHK,2024-01-21
R01239,C006,59,Male,2BHK,2026-04-24
R01240,C006,56,Female,1BHK,2025-05-07
R01241,C006,71,Female,2BHK,2026-05-10
R01242,C006,72,Female,1BHK,2026-08-17
R01243,C006,63,Female,2BHK,2024-09-29
R01244,C006,65,Female,1BHK,2025-11-02
R01245,C006,76,Male,2BHK,2026-03-14
R01246,C006,73,Female,2BHK,2024-04-30
R01247,C006,75,Male,2BHK,2024-09-15
R01248,C006,82,Female,1BHK,2025-09-06
R01249,C006,62,Female,2BHK,2026-06-07
R01250,C006,75,Male,1BHK,2024-10-19
R01251,C006,71,Female,1BHK,2025-09-03
R01252,C006,63,Female,2BHK,2024-10-21
R01253,C006,75,Male,2BHK,2026-07-22
R01254,C006,69,Male,1BHK,2023-10-05
R01255,C006,62,Female,1BHK,2025-09-12
R01256,C006,83,Male,2BHK,2024-12-10
R01257,C006,71,Female,2BHK,2026-08-08
R01258,C006,76,Male,1BHK,2026-01-17
R01259,C006,58,Female,2BHK,2024-05-23
R01260,C006,77,Male,2BHK,2024-01-13
R01261,C006,71,Female,3BHK,2025-08-07
R01262,C006,56,Female,2BHK,2025-03-10
R01263,C006,72,Male,1BHK,2026-03-21
R01264,C006,71,Male,1BHK,2024-12-28
R01265,C006,78,Female,1BHK,2026-06-09
R01266,C006,80,Female,2BHK,2025-07-11
R01267,C006,74,Male,1BHK,2026-08-28
R01268,C006,83,Male,3BHK,2024-10-13
R01269,C006,71,Male,2BHK,2025-08-30
R01270,C006,74,Female,2BHK,2025-01-02
R01271,C006,63,Male,1BHK,2024-07-26
R01272,C006,79,Female,3BHK,2025-05-10
R01273,C006,70,Female,1BHK,2025-10-10
R01274,C006,73,Female,2BHK,2024-03-04
R01275,C006,59,Male,1BHK,2024-09-23
R01276,C006,80,Male,1BHK,2025-05-05
R01277,C006,79,Female,3BHK,2026-02-25
R01278,C006,55,Female,3BHK,2025-03-31
R01279,C006,61,Male,2BHK,2026-03-01
R01280,C006,62,Female,2BHK,2024-12-23
R01281,C007,72,Male,2BHK,2026-09-11
R01282,C007,63,Female,2BHK,2024-12-22
R01283,C007,73,Female,2BHK,2023-10-25
R01284,C007,72,Female,1BHK,2026-07-09
R01285,C007,84,Female,1BHK,2025-05-27
R01286,C007,62,Male,3BHK,2024-11-20
R01287,C007,69,Female,2BHK,2023-10-03
R01288,C007,63,Male,1BHK,2026-02-16
R01289,C007,71,Female,1BHK,2026-08-21
R01290,C007,63,Female,3BHK,2023-12-06
R01291,C007,69,Female,2BHK,2026-04-20
R01292,C007,65,Male,2BHK,2025-10-31
R01293,C007,81,Male,2BHK,2024-12-08
R01294,C007,74,Male,1BHK,2024-09-12
R01295,C007,73,Male,3BHK,2026-04-21
R01296,C007,82,Male,2BHK,2025-03-21
R01297,C007,62,Female,2BHK,2024-08-26
R01298,C007,78,Female,2BHK,2026-06-05
R01299,C007,74,Male,1BHK,2024-07-12
R01300,C007,69,Female,3BHK,2026-05-12
R01301,C007,65,Male,2BHK,2024-10-14
R01302,C007,68,Male,2BHK,2026-08-08
R01303,C007,61,Male,3BHK,2026-07-11
R01304,C007,58,Male,2BHK,2026-08-13
R01305,C007,65,Female,1BHK,2024-04-20
R01306,C007,83,Female,3BHK,2026-05-23
R01307,C007,72,Male,2BHK,2024-02-18
R01308,C007,70,Female,2BHK,2026-05-22
R01309,C007,58,Male,2BHK,2026-06-21
R01310,C007,62,Male,2BHK,2023-11-21
R01311,C007,85,Female,2BHK,2025-01-12
R01312,C007,78,Male,3BHK,2025-08-05
R01313,C007,64,Female,3BHK,2023-11-11
R01314,C007,70,Male,2BHK,2026-03-09
R01315,C007,69,Male,2BHK,2025-04-09
R01316,C007,69,Male,3BHK,2024-04-12
R01317,C007,73,Female,1BHK,2024-02-08
R01318,C007,80,Male,2BHK,2024-12-22
R01319,C007,73,Male,3BHK,2025-02-09
R01320,C007,73,Male,3BHK,2025-06-27
R01321,C007,73,Female,3BHK,2024-06-19
R01322,C007,55,Female,2BHK,2024-07-28
R01323,C007,65,Male,2BHK,2024-04-13
R01324,C007,67,Male,1BHK,2026-01-05
R01325,C007,75,Male,1BHK,2025-04-11
R01326,C007,71,Male,1BHK,2025-12-23
R01327,C007,72,Female,2BHK,2025-11-08
R01328,C007,72,Female,2BHK,2024-11-17
R01329,C007,73,Female,2BHK,2024-06-02
R01330,C007,77,Male,3BHK,2024-10-24
R01331,C007,85,Male,2BHK,2025-10-08
R01332,C007,76,Female,1BHK,2024-12-22
R01333,C007,71,Female,2BHK,2025-02-28
R01334,C007,65,Male,2BHK,2024-03-17
R01335,C007,69,Male,1BHK,2025-09-17
R01336,C007,64,Male,2BHK,2024-01-15
R01337,C007,69,Female,2BHK,2024-04-26
R01338,C007,66,Male,3BHK,2024-09-05
R01339,C007,70,Male,1BHK,2026-08-06
R01340,C007,61,Female,2BHK,2026-08-03
R01341,C007,71,Female,1BHK,2025-05-30
R01342,C007,77,Male,1BHK,2026-02-02
R01343,C007,71,Female,1BHK,2025-04-11
R01344,C007,60,Female,3BHK,2024-02-08
R01345,C007,66,Male,1BHK,2025-05-25
R01346,C007,68,Male,2BHK,2023-10-12
R01347,C007,64,Female,2BHK,2024-11-04
R01348,C007,61,Female,1BHK,2026-01-01
R01349,C007,76,Male,1BHK,2024-03-30
R01350,C007,55,Female,2BHK,2025-08-27
R01351,C007,67,Male,1BHK,2025-04-15
R01352,C007,55,Male,1BHK,2026-08-01
R01353,C007,80,Male,2BHK,2026-07-31
R01354,C007,74,Male,1BHK,2024-11-01
R01355,C007,73,Female,2BHK,2026-03-17
R01356,C007,66,Male,3BHK,2025-05-04
R01357,C007,68,Male,2BHK,2026-06-08
R01358,C007,67,Female,1BHK,2025-04-20
R01359,C007,70,Male,2BHK,2024-03-07
R01360,C007,70,Male,3BHK,2026-08-04
R01361,C007,73,Male,2BHK,2024-09-18
R01362,C007,66,Male,2BHK,2025-09-22
R01363,C007,73,Female,1BHK,2023-10-29
R01364,C007,73,Female,1BHK,2026-05-10
R01365,C007,78,Male,2BHK,2026-02-09
R01366,C007,55,Female,1BHK,2025-02-11
R01367,C007,63,Male,1BHK,2026-04-25
R01368,C007,81,Female,3BHK,2024-08-29
R01369,C007,65,Female,2BHK,2026-06-23
R01370,C007,61,Male,2BHK,2023-12-28
R01371,C007,80,Male,2BHK,2026-06-04
R01372,C007,83,Female,2BHK,2025-09-11
R01373,C007,74,Male,2BHK,2026-09-14
R01374,C007,64,Female,2BHK,2025-01-02
R01375,C007,76,Female,2BHK,2026-06-25
R01376,C007,62,Female,2BHK,2025-06-16
R01377,C007,62,Male,2BHK,2024-03-20
R01378,C007,69,Female,2BHK,2024-04-25
R01379,C007,57,Female,1BHK,2023-11-30
R01380,C007,69,Female,3BHK,2023-11-17
R01381,C007,69,Male,2BHK,2025-01-05
R01382,C007,60,Female,2BHK,2025-10-25
R01383,C007,76,Male,1BHK,2024-03-19
R01384,C007,70,Female,2BHK,2024-02-18
R01385,C007,71,Female,2BHK,2024-09-19
R01386,C007,76,Female,3BHK,2026-01-03
R01387,C007,61,Male,1BHK,2024-04-18
R01388,C007,72,Male,2BHK,2025-05-16
R01389,C007,84,Male,2BHK,2025-08-25
R01390,C007,79,Male,1BHK,2025-04-19
R01391,C007,70,Male,2BHK,2026-07-28
R01392,C007,60,Male,3BHK,2026-09-06
R01393,C007,77,Female,1BHK,2026-01-07
R01394,C007,74,Male,3BHK,2025-07-03
R01395,C007,86,Female,2BHK,2026-03-21
R01396,C007,59,Female,3BHK,2024-05-18
R01397,C007,63,Female,1BHK,2025-06-26
R01398,C007,77,Male,3BHK,2026-07-04
R01399,C007,64,Male,3BHK,2024-02-21
R01400,C007,64,Female,2BHK,2025-10-20
R01401,C007,75,Female,2BHK,2026-05-04
R01402,C007,64,Male,1BHK,2025-06-15
R01403,C007,70,Female,2BHK,2024-11-28
R01404,C007,70,Female,2BHK,2023-11-10
R01405,C007,63,Female,2BHK,2026-08-28
R01406,C007,68,Female,1BHK,2025-04-18
R01407,C007,56,Male,2BHK,2024-08-23
R01408,C007,70,Female,1BHK,2025-08-09
R01409,C007,59,Male,2BHK,2025-08-11
R01410,C007,65,Female,2BHK,2024-09-21
R01411,C007,72,Female,1BHK,2025-04-06
R01412,C007,71,Female,2BHK,2024-02-22
R01413,C007,66,Female,1BHK,2026-08-21
R01414,C007,68,Male,2BHK,2025-04-13
R01415,C007,71,Male,3BHK,2026-01-13
R01416,C007,71,Female,2BHK,2026-06-18
R01417,C007,73,Female,2BHK,2025-03-31
R01418,C007,64,Male,2BHK,2023-12-24
R01419,C007,71,Male,2BHK,2025-05-31
R01420,C007,85,Female,3BHK,2024-11-22
R01421,C007,78,Female,3BHK,2024-07-11
R01422,C007,61,Female,2BHK,2024-03-28
R01423,C007,77,Female,2BHK,2025-08-27
R01424,C007,76,Female,1BHK,2024-02-10
R01425,C007,70,Male,3BHK,2026-07-16
R01426,C007,68,Male,1BHK,2024-08-15
R01427,C007,71,Male,2BHK,2026-06-13
R01428,C007,78,Female,2BHK,2026-06-10
R01429,C007,78,Female,2BHK,2026-04-05
R01430,C007,68,Male,3BHK,2023-10-24
R01431,C007,78,Male,3BHK,2023-12-08
R01432,C007,77,Female,1BHK,2025-02-20
R01433,C007,76,Male,3BHK,2024-10-03
R01434,C007,68,Female,2BHK,2024-04-03
R01435,C007,63,Female,2BHK,2026-02-14
R01436,C007,64,Female,2BHK,2024-08-04
R01437,C007,72,Male,2BHK,2024-01-05
R01438,C007,70,Male,2BHK,2026-01-28
R01439,C008,77,Female,2BHK,2024-08-07
R01440,C008,68,Male,3BHK,2026-03-19
R01441,C008,68,Female,2BHK,2024-08-21
R01442,C008,69,Male,2BHK,2024-09-16
R01443,C008,65,Female,2BHK,2025-02-12
R01444,C008,74,Male,2BHK,2024-05-07
R01445,C008,76,Female,2BHK,2026-04-03
R01446,C008,64,Female,3BHK,2023-09-25
R01447,C008,75,Male,1BHK,2024-11-24
R01448,C008,69,Male,2BHK,2024-05-02
R01449,C008,64,Male,1BHK,2024-04-09
R01450,C008,73,Female,3BHK,2026-01-07
R01451,C008,63,Female,2BHK,2024-10-14
R01452,C008,68,Male,2BHK,2024-06-18
R01453,C008,65,Male,3BHK,2024-03-09
R01454,C008,72,Male,1BHK,2026-07-13
R01455,C008,78,Male,2BHK,2023-10-31
R01456,C008,66,Female,2BHK,2024-04-12
R01457,C008,71,Female,3BHK,2023-10-14
R01458,C008,69,Female,1BHK,2025-03-30
R01459,C008,71,Female,1BHK,2024-09-24
R01460,C008,70,Female,2BHK,2026-03-23
R01461,C008,74,Male,3BHK,2025-02-04
R01462,C008,66,Male,2BHK,2023-10-15
R01463,C008,64,Male,1BHK,2024-06-17
R01464,C008,64,Female,2BHK,2024-11-06
R01465,C008,57,Female,3BHK,2023-12-11
R01466,C008,61,Female,2BHK,2024-04-04
R01467,C008,68,Male,2BHK,2025-07-05
R01468,C008,67,Male,2BHK,2025-12-16
R01469,C008,72,Male,1BHK,2024-03-15
R01470,C008,63,Female,1BHK,2023-12-28
R01471,C008,71,Male,3BHK,2025-09-29
R01472,C008,79,Male,3BHK,2025-08-17
R01473,C008,71,Male,2BHK,2025-04-05
R01474,C008,68,Female,3BHK,2025-11-26
R01475,C008,68,Male,2BHK,2026-03-31
R01476,C008,71,Male,2BHK,2024-03-08
R01477,C008,61,Female,1BHK,2025-08-23
R01478,C008,71,Male,2BHK,2025-11-11
R01479,C008,74,Female,1BHK,2024-08-30
R01480,C008,75,Female,1BHK,2026-05-03
R01481,C008,61,Male,2BHK,2023-11-27
R01482,C008,57,Female,3BHK,2026-07-10
R01483,C008,67,Male,2BHK,2025-12-09
R01484,C008,69,Female,1BHK,2025-01-01
R01485,C008,67,Female,2BHK,2025-09-01
R01486,C008,71,Female,2BHK,2026-06-16
R01487,C008,61,Male,3BHK,2023-11-08
R01488,C008,73,Female,3BHK,2023-12-24
R01489,C008,78,Male,2BHK,2025-10-04
R01490,C008,73,Male,2BHK,2025-06-05
R01491,C008,63,Female,3BHK,2025-07-14
R01492,C008,67,Male,1BHK,2026-08-21
R01493,C008,65,Male,2BHK,2024-03-06
R01494,C008,65,Female,2BHK,2025-10-21
R01495,C008,77,Male,2BHK,2025-08-10
R01496,C008,66,Female,1BHK,2024-01-13
R01497,C008,79,Male,2BHK,2024-01-24
R01498,C008,62,Male,1BHK,2025-02-02
R01499,C008,60,Male,1BHK,2026-04-22
R01500,C008,74,Male,2BHK,2024-05-08
R01501,C008,69,Male,2BHK,2024-01-01
R01502,C008,68,Female,1BHK,2024-04-04
R01503,C008,72,Female,2BHK,2024-11-21
R01504,C008,81,Female,1BHK,2026-05-17
R01505,C008,62,Female,2BHK,2026-05-31
R01506,C008,59,Female,2BHK,2026-03-18
R01507,C008,76,Male,2BHK,2026-01-19
R01508,C008,71,Male,1BHK,2025-02-07
R01509,C008,72,Male,2BHK,2025-05-04
R01510,C008,71,Female,2BHK,2026-04-06
R01511,C008,55,Female,2BHK,2025-12-23
R01512,C008,68,Female,3BHK,2024-12-22
R01513,C008,64,Female,2BHK,2025-08-25
R01514,C008,56,Female,3BHK,2025-11-14
R01515,C008,79,Female,3BHK,2026-04-18
R01516,C008,74,Male,1BHK,2025-07-20
R01517,C008,81,Male,2BHK,2024-02-22
R01518,C008,63,Male,2BHK,2026-09-15
R01519,C008,74,Female,1BHK,2024-03-16
R01520,C008,64,Male,2BHK,2026-07-04
R01521,C008,59,Female,2BHK,2026-06-28
R01522,C008,69,Female,2BHK,2026-01-24
R01523,C008,76,Female,2BHK,2024-08-20
R01524,C008,69,Male,2BHK,2025-07-20
R01525,C008,68,Male,1BHK,2025-08-22
R01526,C008,67,Female,1BHK,2024-09-09
R01527,C008,76,Female,1BHK,2025-06-24
R01528,C008,73,Female,2BHK,2025-02-28
R01529,C008,76,Female,2BHK,2025-08-25
R01530,C008,75,Male,2BHK,2025-06-01
R01531,C008,67,Female,2BHK,2025-06-28
R01532,C008,64,Male,2BHK,2024-02-15
R01533,C008,67,Female,1BHK,2025-01-18
R01534,C008,76,Female,3BHK,2025-07-14
R01535,C008,68,Male,2BHK,2025-01-18
R01536,C008,61,Female,2BHK,2026-07-20
R01537,C008,65,Male,2BHK,2024-10-20
R01538,C008,65,Female,3BHK,2025-04-24
R01539,C008,64,Female,2BHK,2024-05-15
R01540,C008,83,Female,2BHK,2026-08-22
R01541,C008,65,Male,2BHK,2025-09-26
R01542,C008,72,Female,2BHK,2024-01-03
R01543,C008,67,Female,3BHK,2024-02-09
R01544,C008,62,Female,3BHK,2024-01-31
R01545,C008,73,Male,2BHK,2024-02-12
R01546,C008,80,Female,2BHK,2025-07-22
R01547,C008,90,Male,2BHK,2024-02-18
R01548,C008,62,Male,3BHK,2025-04-21
R01549,C008,83,Male,2BHK,2024-04-10
R01550,C008,64,Female,2BHK,2026-02-01
R01551,C008,55,Female,1BHK,2023-12-23
R01552,C008,70,Male,2BHK,2026-03-20
R01553,C008,81,Female,1BHK,2026-02-09
R01554,C008,72,Female,2BHK,2026-02-09
R01555,C008,60,Female,2BHK,2025-02-14
R01556,C008,74,Male,1BHK,2026-07-27
R01557,C008,66,Male,2BHK,2024-03-28
R01558,C008,74,Female,1BHK,2025-06-20
R01559,C008,63,Male,1BHK,2025-03-23
R01560,C008,71,Female,1BHK,2026-07-20
R01561,C008,69,Female,2BHK,2025-07-09
R01562,C008,65,Male,1BHK,2023-12-09
R01563,C008,85,Female,2BHK,2024-12-10
R01564,C008,60,Male,1BHK,2026-04-10
R01565,C008,64,Female,3BHK,2025-01-18
R01566,C008,68,Female,3BHK,2025-03-20
R01567,C008,81,Male,2BHK,2024-02-28
R01568,C008,75,Male,2BHK,2026-03-06
R01569,C008,64,Male,3BHK,2025-11-17
R01570,C008,76,Male,2BHK,2024-08-16
R01571,C008,71,Female,1BHK,2024-05-18
R01572,C008,75,Male,3BHK,2026-07-07
R01573,C008,74,Male,1BHK,2025-10-09
R01574,C008,89,Female,2BHK,2024-09-03
R01575,C008,64,Female,3BHK,2024-03-07
R01576,C008,71,Female,1BHK,2025-03-17
R01577,C008,80,Male,3BHK,2026-02-01
R01578,C008,73,Female,3BHK,2025-04-13
R01579,C008,63,Male,1BHK,2024-03-17
R01580,C008,72,Female,2BHK,2024-11-26
R01581,C008,61,Male,2BHK,2026-02-28
R01582,C008,77,Male,1BHK,2024-09-06
R01583,C008,66,Male,2BHK,2025-07-18
R01584,C008,70,Male,3BHK,2026-02-08
R01585,C008,67,Male,2BHK,2026-05-13
R01586,C008,67,Male,2BHK,2026-05-01
R01587,C008,79,Female,1BHK,2026-08-04
R01588,C008,68,Female,3BHK,2026-06-15
R01589,C008,77,Male,3BHK,2026-02-01
R01590,C008,67,Female,3BHK,2023-10-31
R01591,C008,62,Female,2BHK,2026-04-24
R01592,C008,79,Male,2BHK,2026-07-08
R01593,C008,74,Female,1BHK,2026-09-02
R01594,C008,65,Male,2BHK,2024-11-09
R01595,C008,79,Female,2BHK,2023-11-04
R01596,C008,76,Female,2BHK,2024-06-27
R01597,C008,68,Female,1BHK,2024-11-18
R01598,C008,71,Male,2BHK,2026-09-16
R01599,C008,80,Male,2BHK,2025-01-12
R01600,C008,59,Male,1BHK,2025-03-01
R01601,C008,68,Male,2BHK,2025-03-19
R01602,C008,56,Male,1BHK,2023-09-30
